---,Name,Class,Prefix,Exception
1,"NSLOCTEXT(""[8238A6CE4056268CFA49D38B09641267]"", ""312213564EB92FD27D859581D7042EA1"", ""Texture"")","Class'/Script/Engine.Texture2D'","T_","(""Tex_"",""lambert"",""SM_"",""M_"",""Mat_"",""PFB_"",""MatI"",""MI_"",""FX_"")"
2,"NSLOCTEXT(""[8238A6CE4056268CFA49D38B09641267]"", ""7D5490C246267039CFCBE19EB835F99B"", ""Material"")","Class'/Script/Engine.Material'","M_","(""Mat_"",""_Mat"",""MI_"",""_Inst"",""MP_"")"
3,"NSLOCTEXT(""[8238A6CE4056268CFA49D38B09641267]"", ""FB5C13AA4F57D31627D42E9C4C905A93"", ""Material Instance"")","Class'/Script/Engine.MaterialInstanceConstant'","MP_","(""_Inst"",""MatI_"",""Mat_"",""M_"")"
4,"NSLOCTEXT(""[8238A6CE4056268CFA49D38B09641267]"", ""1D1AC31540495B71F59671A22D994DFE"", ""Paper Sprite"")","Class'/Script/Paper2D.PaperSprite'","SPR_","(""_Sprite"",""T_"",""SP_"",""FX_"",""SS_"",""PFB_"")"
5,"NSLOCTEXT(""[8238A6CE4056268CFA49D38B09641267]"", ""04129C8F442C9D1B8FE66B99F707F6E2"", ""Paper Flipbook"")","Class'/Script/Paper2D.PaperFlipbook'","PFB_","(""T_"",""M_"",""Tex_"",""SPR_"")"
6,"NSLOCTEXT(""[8238A6CE4056268CFA49D38B09641267]"", ""0B73E22742AEA31D1E028B939A8C2108"", ""Static Mesh"")","Class'/Script/Engine.StaticMesh'","SM_","(""Skel_"",""M_"",""SK_"")"
7,"NSLOCTEXT(""[8238A6CE4056268CFA49D38B09641267]"", ""1F13B0C746CA28E63F7DBFB6860B8DBA"", ""Skeletal Mesh"")","Class'/Script/Engine.SkeletalMesh'","SKM_","(""Skel_"",""SM_"",""SK_"",""_SkeletalMesh"")"
8,"NSLOCTEXT(""[8238A6CE4056268CFA49D38B09641267]"", ""F784604A4C251B0FD07D589CB844090F"", ""Physics Asset"")","Class'/Script/Engine.PhysicsAsset'","PHYS_","(""Skel_"",""SK_"",""_PhysicsAsset"")"
9,"NSLOCTEXT(""[8238A6CE4056268CFA49D38B09641267]"", ""B8BBEA5941FABF215D2B979D0F694875"", ""Anim Sequence"")","Class'/Script/Engine.AnimSequence'","A_","(""Anim_"",""_Anim"",""SK_"",""SM_"")"
10,"NSLOCTEXT(""[8238A6CE4056268CFA49D38B09641267]"", ""A618532744E2887851702584A158947E"", ""Media Player"")","Class'/Script/MediaAssets.MediaPlayer'","MP_",""
11,"NSLOCTEXT(""[8238A6CE4056268CFA49D38B09641267]"", ""E0DB04A342984B9E87973CAD8173EC63"", ""Level Sequence"")","Class'/Script/LevelSequence.LevelSequence'","LS_","(""Seq_"")"
12,"NSLOCTEXT(""[8238A6CE4056268CFA49D38B09641267]"", ""A618DAF648D69C2C674927BD36E05D2F"", ""Sound Cue"")","Class'/Script/Engine.SoundCue'","SC_","(""S_"",""_Cue"")"
13,"NSLOCTEXT(""[8238A6CE4056268CFA49D38B09641267]"", ""665255FB4723448187D73FB7367D40A9"", ""Sound Wave"")","Class'/Script/Engine.SoundWave'","S_","(""Sound_"",""_Cue"",""A_"")"
14,"NSLOCTEXT(""[8238A6CE4056268CFA49D38B09641267]"", ""3AB38BAC49F8E3D3152390AE27983D0E"", ""Blueprint"")","Class'/Script/Engine.Blueprint'","BP_",""
15,"NSLOCTEXT(""[8238A6CE4056268CFA49D38B09641267]"", ""F90F2EEA43262C129F281EBA15683B1C"", ""Level"")","Class'/Script/Engine.World'","L_","(""M_"",""Map_"",""W_"")"
16,"NSLOCTEXT(""[8238A6CE4056268CFA49D38B09641267]"", ""2AFDA9CA4721055EAA92A28CFD70CCAC"", ""Data Table"")","Class'/Script/Engine.DataTable'","DT_",""
17,"NSLOCTEXT(""[8238A6CE4056268CFA49D38B09641267]"", ""FE4B0FE345CB420746547AABAEB2043B"", ""Skeleton"")","Class'/Script/Engine.Skeleton'","SKEL_","(""PHYS_"",""SK_"",""SKM_"",""_SkeletalMesh"")"
